{
    "name": "root",
    "gauges": {
        "WaterBehavior.Policy.Entropy.mean": {
            "value": 1.4033236503601074,
            "min": 1.4033236503601074,
            "max": 1.4325653314590454,
            "count": 10
        },
        "WaterBehavior.Policy.Entropy.sum": {
            "value": 7030.6513671875,
            "min": 6976.1904296875,
            "max": 7285.546875,
            "count": 10
        },
        "WaterBehavior.Policy.ExtrinsicValueEstimate.mean": {
            "value": 0.973359227180481,
            "min": 0.3120933473110199,
            "max": 0.973359227180481,
            "count": 10
        },
        "WaterBehavior.Policy.ExtrinsicValueEstimate.sum": {
            "value": 785.5009155273438,
            "min": 45.87771987915039,
            "max": 785.5009155273438,
            "count": 10
        },
        "WaterBehavior.Environment.EpisodeLength.mean": {
            "value": 5.197026022304833,
            "min": 5.197026022304833,
            "max": 47.24038461538461,
            "count": 10
        },
        "WaterBehavior.Environment.EpisodeLength.sum": {
            "value": 4194.0,
            "min": 4194.0,
            "max": 4913.0,
            "count": 10
        },
        "WaterBehavior.Losses.PolicyLoss.mean": {
            "value": 0.2415304158687308,
            "min": 0.23591136923062575,
            "max": 0.2511882715514924,
            "count": 10
        },
        "WaterBehavior.Losses.PolicyLoss.sum": {
            "value": 11.593459961699079,
            "min": 8.395194498506463,
            "max": 11.805848762920144,
            "count": 10
        },
        "WaterBehavior.Losses.ValueLoss.mean": {
            "value": 0.0020836111166896774,
            "min": 0.0020836111166896774,
            "max": 0.10883454531972483,
            "count": 10
        },
        "WaterBehavior.Losses.ValueLoss.sum": {
            "value": 0.10001333360110452,
            "min": 0.10001333360110452,
            "max": 3.809209086190369,
            "count": 10
        },
        "WaterBehavior.Policy.LearningRate.mean": {
            "value": 1.5155219948291667e-05,
            "min": 1.5155219948291667e-05,
            "max": 0.0002833887483942285,
            "count": 10
        },
        "WaterBehavior.Policy.LearningRate.sum": {
            "value": 0.000727450557518,
            "min": 0.000727450557518,
            "max": 0.010468452610516,
            "count": 10
        },
        "WaterBehavior.Policy.Epsilon.mean": {
            "value": 0.10505170833333334,
            "min": 0.10505170833333334,
            "max": 0.19446291428571427,
            "count": 10
        },
        "WaterBehavior.Policy.Epsilon.sum": {
            "value": 5.042482000000001,
            "min": 5.042482000000001,
            "max": 7.5894840000000015,
            "count": 10
        },
        "WaterBehavior.Policy.Beta.mean": {
            "value": 3.475337083333333e-05,
            "min": 3.475337083333333e-05,
            "max": 0.00047286828000000006,
            "count": 10
        },
        "WaterBehavior.Policy.Beta.sum": {
            "value": 0.0016681617999999999,
            "min": 0.0016681617999999999,
            "max": 0.017508471600000002,
            "count": 10
        },
        "WaterBehavior.Environment.CumulativeReward.mean": {
            "value": 1.0,
            "min": 0.3786407766990291,
            "max": 1.0,
            "count": 10
        },
        "WaterBehavior.Environment.CumulativeReward.sum": {
            "value": 807.0,
            "min": 39.0,
            "max": 807.0,
            "count": 10
        },
        "WaterBehavior.Policy.ExtrinsicReward.mean": {
            "value": 1.0,
            "min": 0.3786407766990291,
            "max": 1.0,
            "count": 10
        },
        "WaterBehavior.Policy.ExtrinsicReward.sum": {
            "value": 807.0,
            "min": 39.0,
            "max": 807.0,
            "count": 10
        },
        "WaterBehavior.IsTraining.mean": {
            "value": 1.0,
            "min": 1.0,
            "max": 1.0,
            "count": 10
        },
        "WaterBehavior.IsTraining.sum": {
            "value": 1.0,
            "min": 1.0,
            "max": 1.0,
            "count": 10
        }
    },
    "metadata": {
        "timer_format_version": "0.1.0",
        "start_time_seconds": "1616188767",
        "python_version": "3.7.6 (default, Jan  8 2020, 20:23:39) [MSC v.1916 64 bit (AMD64)]",
        "command_line_arguments": "C:\\Users\\Alexis\\Documents\\University\\Mini-Monster-Tribe\\venv\\Scripts\\mlagents-learn .\\Assets\\ML-Agents\\config\\test.yaml --run-id=WaterBehavior --force",
        "mlagents_version": "0.25.0",
        "mlagents_envs_version": "0.25.0",
        "communication_protocol_version": "1.5.0",
        "pytorch_version": "1.8.0+cpu",
        "numpy_version": "1.20.1",
        "end_time_seconds": "1616189836"
    },
    "total": 1069.0381912999999,
    "count": 1,
    "self": 0.008758400000033362,
    "children": {
        "run_training.setup": {
            "total": 0.09448279999999998,
            "count": 1,
            "self": 0.09448279999999998
        },
        "TrainerController.start_learning": {
            "total": 1068.9349501,
            "count": 1,
            "self": 0.3063902000019425,
            "children": {
                "TrainerController._reset_env": {
                    "total": 3.0558395,
                    "count": 1,
                    "self": 3.0558395
                },
                "TrainerController.advance": {
                    "total": 1065.452485099998,
                    "count": 12561,
                    "self": 0.15668250000248918,
                    "children": {
                        "env_step": {
                            "total": 1065.2958025999956,
                            "count": 12561,
                            "self": 1057.6194384999967,
                            "children": {
                                "SubprocessEnvManager._take_step": {
                                    "total": 7.515103999998499,
                                    "count": 12561,
                                    "self": 0.5060734000001874,
                                    "children": {
                                        "TorchPolicy.evaluate": {
                                            "total": 7.009030599998312,
                                            "count": 8338,
                                            "self": 1.353521400001962,
                                            "children": {
                                                "TorchPolicy.sample_actions": {
                                                    "total": 5.65550919999635,
                                                    "count": 8338,
                                                    "self": 5.65550919999635
                                                }
                                            }
                                        }
                                    }
                                },
                                "workers": {
                                    "total": 0.16126010000032842,
                                    "count": 12561,
                                    "self": 0.0,
                                    "children": {
                                        "worker_root": {
                                            "total": 1065.2945319000057,
                                            "count": 12561,
                                            "is_parallel": true,
                                            "self": 20.942466900007275,
                                            "children": {
                                                "steps_from_proto": {
                                                    "total": 0.000301600000000235,